id,sum,m,cv,percent,percent_m,variable,variablename,base,category,profile,is_reliable,previous_sum,previous_m,previous_cv,previous_percent,previous_percent_m,previous_is_reliable,comparison_sum,comparison_m,comparison_cv,comparison_percent,comparison_percent_m,comparison_is_reliable,change_sum,change_m,change_percent,change_percent_m,change_percentage_point,change_percentage_point_m,difference_sum,difference_m,significant,difference_percent,difference_percent_m,percent_significant
QWdGRkhN,0,0,,0,0,agffhm,AgFFHM,CvEm16pl3,industry,economic,False,,0,,0,0,False,3870,470,7.4,0.001,0.001,True,,,,,0,0,-3870,470,True,-0.1,0.1,False
QWdISEluYw==,865646900,67758470,4.8,0,0,aghhinc,AgHHInc,MnHHInc,economic__special_variable,economic,True,681640700,42476810,,0,0,False,307989432000,2361252362,0.5,0,0,True,184006200,79971805.3098528,False,0.26994602875092405,0.12705932205903628,False,0,0,-307123785100,2362224360.0698304,True,0,0
QWdJUDE1cGw=,875303100,67978866,4.7,0,0,agip15pl,AgIP15pl,PerCapInc,economic__special_variable,economic,True,686549900,42283615,,0,0,False,318266008500,2111708243,0.4,0,0,True,188753200,80056419.60588908,False,0.27493005242590524,0.12637076308986772,False,0,0,-317390705400,2112802127.4546258,True,0,0
QWdUVG0=,463710,42440,5.6,0,0,agttm,AgTTm,MnTrvTm,economic__special_variable,economic,True,396905,32014,,0,0,False,156042185,593582,0.2,0,0,True,66805,53160.603796420524,False,0.1683148360438896,0.14252626249398187,False,0,0,-155578475,595097.2561892719,True,0,0
QXJ0RW5SQUZT,547,187,20.8,0.053,0.018,artenrafs,ArtEnRAFS,CvEm16pl3,industry,economic,False,,0,,0,0,False,440995,5433,0.7,0.109,0.001,True,,,,,0.053,0.018,False,-440448,5436.217250993562,True,-5.6000000000000005,1.8027756377319943,True
Q05JMTg2NF8y,13318,823,3.8,,,cni1864_2,CNI1864_2,NA,health_insurance_coverage,economic,True,,0,,,,False,5369877,1931,0,,,True,,,,,,,-5356559,2099.0688411769634,True,,
Q29uc3RjdG4=,883,233,16,0.086,0.022,constctn,Constctn,CvEm16pl3,industry,economic,True,,0,,0,0,False,206067,3740,1.1,0.051,0.001,True,,,,,0.086,0.022,True,-205184,3747.250858963141,True,3.5,2.2022715545545237,False
Q3ZFbTE2cGwx,10248,712,4.2,0.571,0.031,cvem16pl1,CvEm16pl1,Pop16pl,employment_status,economic,True,9185,525,3.5,0.607,0.025,True,4053141,9894,0.1,0.591,0.001,True,1063,884.6293008938829,False,0.11573217201959717,0.10037952470953428,False,-0.03600000000000003,0.03982461550347976,False,-4042893,9919.585676831468,True,-2,3.1016124838541645,False
Q3ZFbTE2cGwy,10248,712,4.2,1,0,cvem16pl2,CvEm16pl2,CvEm16pl2,occupation,economic,True,9185,525,3.5,1,0,True,4053141,9894,0.1,1,0,True,1063,884.6293008938829,False,0.11573217201959717,0.10037952470953428,False,0,0,-4042893,9919.585676831468,True,0,0
Q3ZFbTE2cGwz,10248,712,4.2,1,0,cvem16pl3,CvEm16pl3,CvEm16pl3,industry,economic,True,,0,,0,0,False,4053141,9894,0.1,1,0,True,,,,,1,0,True,-4042893,9919.585676831468,True,0,0
Q3ZFbTE2cGw0,10248,712,4.2,1,0,cvem16pl4,CvEm16pl4,CvEm16pl4,class_of_worker,economic,True,9185,525,3.5,1,0,True,4053141,9894,0.1,1,0,True,1063,884.6293008938829,False,0.11573217201959717,0.10037952470953428,False,0,0,-4042893,9919.585676831468,True,0,0
Q3ZMRjE=,10610,738,4.2,0.591,0.032,cvlf1,CvLF1,Pop16pl,employment_status,economic,True,9531,531,3.4,0.63,0.025,True,4354474,10392,0.1,0.635,0.002,True,1079,909.178200354584,False,0.11320952680726051,0.0992075853357233,False,-0.039000000000000035,0.040607881008493905,False,-4343864,10418.172008562731,True,-4.400000000000006,3.2062439083762797,False
Q3ZMRjE4dDY0,9799,708,4.4,,,cvlf18t64,CvLF18t64,NA,health_insurance_coverage,economic,True,,0,,,,False,4102491,9890,0.1,,,True,,,,,,,-4092692,9915.309576609296,True,,
Q3ZMRjI=,10610,738,4.2,1,0,cvlf2,CvLF2,CvLF2,employment_status,economic,True,9531,531,3.4,1,0,True,4354474,10392,0.1,1,0,True,1079,909.178200354584,False,0.11320952680726051,0.0992075853357233,False,0,0,-4343864,10418.172008562731,True,0,0
Q3ZMRkVt,9459,686,4.4,1,0,cvlfem,CvLFEm,CvLFEm,health_insurance_coverage,economic,True,,0,,0,0,False,3825543,9546,0.2,1,0,True,,,,,1,0,True,-3816084,9570.617116988851,True,0,0
Q3ZMRlVFbTE=,362,128,21.4,0.02,0.007,cvlfuem1,CvLFUEm1,Pop16pl,employment_status,economic,False,346,99,17.3,0.023,0.006,True,301333,4545,0.9,0.044,0.001,True,16,161.8177987738061,False,0.046242774566473986,0.4758915100782064,False,-0.002999999999999999,0.009219544457292887,False,-300971,4546.802062988887,True,-2.3999999999999995,0.7071067811865476,True
Q3ZMRlVFbTI=,362,128,21.4,0.034,0.012,cvlfuem2,CvLFUEm2,CvLF2,employment_status,economic,False,346,99,17.3,0.036,0.01,True,301333,4545,0.9,0.069,0.001,True,16,161.8177987738061,False,0.046242774566473986,0.4758915100782064,False,-0.001999999999999995,0.015620499351813309,False,-300971,4546.802062988887,True,-3.5,1.2041594578792296,False
Q3ZOSVBvcDI=,22197,1077,2.9,1,0,cvnipop2,CvNIPop2,CvNIPop2,health_insurance_coverage,economic,True,,0,,0,0,False,8379895,1861,0,1,0,True,,,,,1,0,True,-8357698,2150.1744115303763,True,0,0
Q3ZOSVUxOF8y,4918,540,6.7,1,0,cvniu18_2,CvNIU18_2,CvNIU18_2,health_insurance_coverage,economic,True,,0,,0,0,False,1855028,1721,0.1,1,0,True,,,,,1,0,True,-1850110,1803.7297469410432,True,0,0
Q1dfQ3JwbGQ=,768,234,18.5,0.076,0.022,cw_crpld,CW_Crpld,Wrkr16pl,commute_to_work,economic,True,743,208,17,0.081,0.022,True,177245,3363,1.2,0.045,0.001,True,25,313.0814590485997,False,0.033647375504710635,0.4276906690250462,False,-0.0050000000000000044,0.03111269837220809,False,-176477,3371.131115812614,True,3.0999999999999996,2.2022715545545237,False
Q1dfRHJ2QWxu,6285,612,5.9,0.621,0.042,cw_drvaln,CW_DrvAln,Wrkr16pl,commute_to_work,economic,True,6184,521,5.1,0.676,0.041,True,883066,6519,0.4,0.223,0.002,True,101,803.7319204809525,False,0.01633247089262613,0.13086574311760574,False,-0.05500000000000005,0.05869412236331675,False,-876781,6547.664087290978,True,39.8,4.2047592083257275,True
Q1dfT3Ro,33,38,70,0.003,0.004,cw_oth,CW_Oth,Wrkr16pl,commute_to_work,economic,False,44,34,46.3,0.005,0.004,False,112933,2992,1.6,0.029,0.001,True,-11,50.99019513592785,False,-0.25,1.0400676432229488,False,-0.002,0.00565685424949238,False,-112900,2992.2413004301643,True,-2.6000000000000005,0.4123105625617661,True
Q1dfUGJUcm5z,2631,423,9.8,0.26,0.038,cw_pbtrns,CW_PbTrns,Wrkr16pl,commute_to_work,economic,True,1994,283,8.6,0.218,0.028,True,2223087,10073,0.3,0.562,0.002,True,637,508.9381101862976,False,0.3194583751253761,0.2829665962653767,False,0.04200000000000001,0.047201694884823786,False,-2220456,10081.877702094982,True,-30.200000000000003,3.8052595180880893,True
Q1dfV2xrZA==,196,88,27.1,0.019,0.009,cw_wlkd,CW_Wlkd,Wrkr16pl,commute_to_work,economic,False,38,38,61.5,0.004,0.004,False,392607,5774,0.9,0.099,0.001,True,158,95.85405573057407,False,4.157894736842105,5.653915369261383,False,0.015,0.009848857801796104,False,-392411,5774.670553373586,True,-8,0.9055385138137416,True
Q1dfV3JrZEht,213,99,28.3,0.021,0.01,cw_wrkdhm,CW_WrkdHm,Wrkr16pl,commute_to_work,economic,False,140,91,39.4,0.015,0.01,False,164594,3729,1.4,0.042,0.001,True,73,134.46932735757994,False,0.5214285714285715,1.2157428756920265,False,0.006000000000000002,0.01414213562373095,False,-164381,3730.3139278082213,True,-2.1,1.004987562112089,False
RTEwdDEycHQ1,316,110,21.1,0.006,0.002,e10t12pt5,E10t12pt5,MdEWrk,economic__special_variable,economic,False,382,0,,0,0,False,169608,0,,0,0,False,-66,110,False,-0.17277486910994763,0.28795811518324604,False,0.006,0.002,False,-169292,110,True,0.6,0.2,False
RTEycHQ1dDE1,144,69,29.2,0.003,0.001,e12pt5t15,E12pt5t15,MdEWrk,economic__special_variable,economic,False,158,0,,0,0,False,144620,0,,0,0,False,-14,69,False,-0.08860759493670886,0.43670886075949356,False,0.003,0.001,False,-144476,69,True,0.3,0.1,False
RTE1dDE3cHQ1,203,86,25.8,0.004,0.002,e15t17pt5,E15t17pt5,MdEWrk,economic__special_variable,economic,False,184,0,,0,0,False,173274,0,,0,0,False,19,86,False,0.10326086956521739,0.46739130434782605,False,0.004,0.002,False,-173071,86,True,0.4,0.2,False
RTE3cHQ1dDIw,131,81,37.4,0.002,0.002,e17pt5t20,E17pt5t20,MdEWrk,economic__special_variable,economic,False,135,0,,0,0,False,126285,0,,0,0,False,-4,81,False,-0.02962962962962963,0.6,False,0.002,0.002,False,-126154,81,True,0.2,0.2,False
RTIwdDIycHQ1,319,135,25.8,0.006,0.003,e20t22pt5,E20t22pt5,MdEWrk,economic__special_variable,economic,False,183,0,,0,0,False,196961,0,,0,0,False,136,135,False,0.7431693989071039,0.7377049180327869,False,0.006,0.003,False,-196642,135,True,0.6,0.3,False
RTIycHQ1dDI1,233,125,32.7,0.004,0.002,e22pt5t25,E22pt5t25,MdEWrk,economic__special_variable,economic,False,95,0,,0,0,False,107043,0,,0,0,False,138,125,False,1.4526315789473685,1.3157894736842104,False,0.004,0.002,False,-106810,125,True,0.4,0.2,False
RTdwdDV0MTA=,201,110,33.3,0.004,0.002,e7pt5t10,E7pt5t10,MdEWrk,economic__special_variable,economic,False,337,0,,0,0,False,118902,0,,0,0,False,-136,110,False,-0.4035608308605341,0.3264094955489614,False,0.004,0.002,False,-118701,110,True,0.4,0.2,False
RWRIbHRoQ1NB,2909,371,7.7,0.284,0.03,edhlthcsa,EdHlthCSA,CvEm16pl3,industry,economic,True,,0,,0,0,False,1080586,7811,0.4,0.267,0.002,True,,,,,0.284,0.03,True,-1077677,7819.805752063155,True,1.6999999999999957,3.0066592756745814,False
RW1ISW5z,9271,677,4.4,0.98,0.009,emhins,EmHIns,CvLFEm,health_insurance_coverage,economic,True,,0,,0,0,False,3395066,12000,0.2,0.887,0.002,True,,,,,0.98,0.009,True,-3385795,12019.081870093072,True,9.299999999999997,0.9219544457292886,True
RW1OSElucw==,188,97,31.3,0.02,0.01,emnhins,EmNHIns,CvLFEm,health_insurance_coverage,economic,False,,0,,0,0,False,430477,6778,1,0.113,0.002,True,,,,,0.02,0.01,False,-430289,6778.694048266229,True,-9.3,1.019803902718557,True
RW1QYkhJbnM=,608,224,22.4,0.064,0.023,empbhins,EmPbHIns,CvLFEm,health_insurance_coverage,economic,False,,0,,0,0,False,709097,5839,0.5,0.185,0.001,True,,,,,0.064,0.023,False,-708489,5843.295046461371,True,-12.1,2.3021728866442674,True
RW1QdkhJbnM=,8852,688,4.7,0.936,0.026,empvhins,EmPvHIns,CvLFEm,health_insurance_coverage,economic,True,,0,,0,0,False,2778950,11243,0.2,0.726,0.002,True,,,,,0.936,0.026,True,-2770098,11264.030939233076,True,21.000000000000014,2.6076809620810595,True
RXJuMTAwcGw=,2293,316,8.4,0.043,0.005,ern100pl,Ern100pl,MdEWrk,economic__special_variable,economic,True,1238,0,,0,0,False,640046,0,,0,0,False,1055,316,True,0.8521809369951535,0.2552504038772213,True,0.043,0.005,True,-637753,316,True,4.3,0.5,True
RXJuMjV0MzA=,511,213,25.3,0.01,0.004,ern25t30,Ern25t30,MdEWrk,economic__special_variable,economic,False,536,0,,0,0,False,262316,0,,0,0,False,-25,213,False,-0.04664179104477612,0.3973880597014925,False,0.01,0.004,False,-261805,213,True,1,0.4,False
RXJuMnB0NXQ1,361,153,25.8,0.007,0.003,ern2pt5t5,Ern2pt5t5,MdEWrk,economic__special_variable,economic,False,158,0,,0,0,False,128242,0,,0,0,False,203,153,False,1.2848101265822784,0.968354430379747,False,0.007,0.003,False,-127881,153,True,0.7000000000000001,0.3,False
RXJuMzB0MzU=,436,139,19.4,0.008,0.003,ern30t35,Ern30t35,MdEWrk,economic__special_variable,economic,True,480,0,,0,0,False,257513,0,,0,0,False,-44,139,False,-0.09166666666666666,0.28958333333333336,False,0.008,0.003,False,-257077,139,True,0.8,0.3,False
RXJuMzV0NDA=,446,176,24,0.008,0.003,ern35t40,Ern35t40,MdEWrk,economic__special_variable,economic,False,564,0,,0,0,False,217597,0,,0,0,False,-118,176,False,-0.20921985815602837,0.3120567375886525,False,0.008,0.003,False,-217151,176,True,0.8,0.3,False
RXJuNDB0NDU=,564,168,18.1,0.011,0.003,ern40t45,Ern40t45,MdEWrk,economic__special_variable,economic,True,548,0,,0,0,False,235829,0,,0,0,False,16,168,False,0.029197080291970802,0.3065693430656934,False,0.011,0.003,True,-235265,168,True,1.0999999999999999,0.3,True
RXJuNDV0NTA=,352,133,22.9,0.007,0.002,ern45t50,Ern45t50,MdEWrk,economic__special_variable,economic,False,521,0,,0,0,False,155389,0,,0,0,False,-169,133,False,-0.32437619961612285,0.2552783109404991,False,0.007,0.002,True,-155037,133,True,0.7000000000000001,0.2,True
RXJuNTB0NTU=,614,217,21.4,0.012,0.004,ern50t55,Ern50t55,MdEWrk,economic__special_variable,economic,False,484,0,,0,0,False,213254,0,,0,0,False,130,217,False,0.26859504132231404,0.4483471074380166,False,0.012,0.004,False,-212640,217,True,1.2,0.4,False
RXJuNTV0NjU=,739,217,17.9,0.014,0.004,ern55t65,Ern55t65,MdEWrk,economic__special_variable,economic,True,795,0,,0,0,False,294509,0,,0,0,False,-56,217,False,-0.07044025157232704,0.2729559748427673,False,0.014,0.004,True,-293770,217,True,1.4000000000000001,0.4,True
RXJuNXQ3cHQ1,429,138,19.6,0.008,0.003,ern5t7pt5,Ern5t7pt5,MdEWrk,economic__special_variable,economic,True,215,0,,0,0,False,149059,0,,0,0,False,214,138,False,0.9953488372093023,0.6418604651162789,False,0.008,0.003,False,-148630,138,True,0.8,0.3,False
RXJuNjV0NzU=,672,200,18.1,0.013,0.004,ern65t75,Ern65t75,MdEWrk,economic__special_variable,economic,True,893,0,,0,0,False,221820,0,,0,0,False,-221,200,False,-0.24748040313549832,0.22396416573348263,False,0.013,0.004,True,-221148,200,True,1.3,0.4,True
RXJuNzV0MTAw,1506,299,12.1,0.028,0.005,ern75t100,Ern75t100,MdEWrk,economic__special_variable,economic,True,1590,0,,0,0,False,391186,0,,0,0,False,-84,299,False,-0.052830188679245285,0.18805031446540882,False,0.028,0.005,True,-389680,299,True,2.8000000000000003,0.5,True
RXJuVTJwdDVr,451,143,19.3,0.009,0.003,ernu2pt5k,ErnU2pt5k,MdEWrk,economic__special_variable,economic,True,343,0,,0,0,False,175652,0,,0,0,False,108,143,False,0.31486880466472306,0.4169096209912536,False,0.009,0.003,False,-175201,143,True,0.8999999999999999,0.3,False
RjE2cGw=,9130,511,3.4,1,0,f16pl,F16pl,F16pl,employment_status,economic,True,7875,396,3.1,1,0,True,3642664,1274,0,1,0,True,1255,646.4804714761306,False,0.15936507936507938,0.0872318733817117,False,0,0,-3633534,1372.6605552721328,True,0,0
RjE2cGxDTEZF,4699,408,5.3,0.515,0.034,f16plclfe,F16plCLFE,F16pl,employment_status,economic,True,4168,374,5.5,0.529,0.039,True,1986266,7118,0.2,0.545,0.002,True,531,553.47990026739,False,0.1273992322456814,0.14076981896361232,False,-0.014000000000000012,0.05173973328110612,False,-1981567,7129.683583441834,True,-3.000000000000007,3.4058772731852804,False
RjE2cGxDdkxG,4798,414,5.2,0.526,0.035,f16plcvlf,F16plCvLF,F16pl,employment_status,economic,True,4297,377,5.3,0.546,0.039,True,2130364,7693,0.2,0.585,0.002,True,501,559.933031710043,False,0.11659297184081918,0.13740358789661994,False,-0.020000000000000018,0.05240229002629561,False,-2125566,7704.131683713616,True,-5.899999999999999,3.5057096285916214,False
RjE2cGxMRg==,4798,414,5.2,0.526,0.035,f16pllf,F16plLF,F16pl,employment_status,economic,True,4297,377,5.3,0.546,0.039,True,2130876,7736,0.2,0.585,0.002,True,501,559.933031710043,False,0.11659297184081918,0.13740358789661994,False,-0.020000000000000018,0.05240229002629561,False,-2126078,7747.0698977097145,True,-5.899999999999999,3.5057096285916214,False
RmFtMg==,6104,346,3.4,1,0,fam2,Fam2,Fam2,income_and_benefits,economic,True,5673,250,2.7,1,0,True,1887978,7339,0.2,1,0,True,431,426.86766099108513,False,0.07597391151066456,0.0772539922242865,False,0,0,-1881874,7347.151624949631,True,0,0
RmFtQndQdg==,524,207,24.1,0.086,0.034,fambwpv,FamBwPv,FamPvU,income_in_past_12_months_is_below_the_poverty_level,economic,False,245,106,26.2,0.043,0.019,False,294980,3717,0.8,0.156,0.002,True,279,232.56181973832247,False,1.1387755102040817,1.2530447159368263,False,0.043,0.03894868418830089,False,-294456,3722.759460400309,True,-7,3.4058772731852804,False
RmFtSTEwdDE0,147,113,46.6,0.024,0.018,fami10t14,FamI10t14,Fam2,income_and_benefits,economic,False,,0,,0,0,False,77738,2003,1.6,0.041,0.001,True,,,,,0.024,0.018,False,-77591,2006.1849366396907,True,-1.7000000000000006,1.8027756377319943,False
RmFtSTE1dDI0,413,215,31.6,0.068,0.035,fami15t24,FamI15t24,Fam2,income_and_benefits,economic,False,,0,,0,0,False,168362,3233,1.2,0.089,0.002,True,,,,,0.068,0.035,False,-167949,3240.141046312645,True,-2.0999999999999996,3.5057096285916214,False
RmFtSTIwMHBs,862,191,13.5,0.141,0.03,fami200pl,FamI200pl,Fam2,income_and_benefits,economic,True,,0,,0,0,False,222929,3638,1,0.118,0.002,True,,,,,0.141,0.03,True,-222067,3643.010430948558,True,2.299999999999999,3.0066592756745814,False
RmFtSTI1dDM0,343,173,30.7,0.056,0.028,fami25t34,FamI25t34,Fam2,income_and_benefits,economic,False,,0,,0,0,False,160633,3131,1.2,0.085,0.002,True,,,,,0.056,0.028,False,-160290,3135.7758210688467,True,-2.8999999999999995,2.8071337695236402,False
RmFtSTM1dDQ5,329,128,23.7,0.054,0.021,fami35t49,FamI35t49,Fam2,income_and_benefits,economic,False,,0,,0,0,False,210893,3279,0.9,0.112,0.002,True,,,,,0.054,0.021,False,-210564,3281.4973716277755,True,-5.800000000000001,2.1095023109728985,False
RmFtSTUwdDc0,469,121,15.6,0.077,0.019,fami50t74,FamI50t74,Fam2,income_and_benefits,economic,True,,0,,0,0,False,287074,3475,0.7,0.152,0.002,True,,,,,0.077,0.019,True,-286605,3477.105980553368,True,-7.499999999999999,1.91049731745428,True
RmFtSTc1dDk5,718,185,15.6,0.118,0.03,fami75t99,FamI75t99,Fam2,income_and_benefits,economic,True,,0,,0,0,False,214732,3170,0.9,0.114,0.002,True,,,,,0.118,0.03,True,-214014,3175.39367638093,True,0.3999999999999986,3.0066592756745814,False
RmFtSVUxMA==,148,103,42.4,0.024,0.017,famiu10,FamIU10,Fam2,income_and_benefits,economic,False,,0,,0,0,False,112405,2509,1.4,0.06,0.001,True,,,,,0.024,0.017,False,-112257,2511.1132989174343,True,-3.6,1.7029386365926402,False
RmFtUHZV,6104,346,3.4,1,0,fampvu,FamPvU,FamPvU,income_in_past_12_months_is_below_the_poverty_level,economic,True,5673,250,2.7,1,0,True,1887978,7339,0.2,1,0,True,431,426.86766099108513,False,0.07597391151066456,0.0772539922242865,False,0,0,-1881874,7347.151624949631,True,0,0
RkYxMHQxMnA1,7,12,104.2,0,0,ff10t12p5,FF10t12p5,MdEFFTWrk,economic__special_variable,economic,False,27,0,,0,0,False,22815,0,,0,0,False,-20,12,False,-0.7407407407407407,0.4444444444444445,False,0,0,-22808,12,True,0,0
RkYxMnA1dDE1,4,9,136.8,0,0,ff12p5t15,FF12p5t15,MdEFFTWrk,economic__special_variable,economic,False,34,0,,0,0,False,23183,0,,0,0,False,-30,9,True,-0.8823529411764706,0.2647058823529411,True,0,0,-23179,9,True,0,0
RkYxNXQxN3A1,0,0,,0,0,ff15t17p5,FF15t17p5,MdEFFTWrk,economic__special_variable,economic,False,41,0,,0,0,False,34778,0,,0,0,False,-41,0,True,-1,0,True,0,0,-34778,0,True,0,0
RkYxN3A1dDIw,60,57,58.2,0.001,0.001,ff17p5t20,FF17p5t20,MdEFFTWrk,economic__special_variable,economic,False,9,0,,0,0,False,33443,0,,0,0,False,51,57,False,5.666666666666667,6.333333333333334,False,0.001,0.001,False,-33383,57,True,0.1,0.1,False
RkYyMHQyMnA1,23,27,72.1,0,0,ff20t22p5,FF20t22p5,MdEFFTWrk,economic__special_variable,economic,False,67,0,,0,0,False,56003,0,,0,0,False,-44,27,False,-0.6567164179104478,0.40298507462686567,False,0,0,-55980,27,True,0,0
RkYyMnA1dDI1,103,95,55.9,0.002,0.002,ff22p5t25,FF22p5t25,MdEFFTWrk,economic__special_variable,economic,False,0,0,,0,0,False,32627,0,,0,0,False,103,95,False,0,,0.002,0.002,False,-32524,95,True,0.2,0.2,False
RkZUMTAwcGw=,510,143,17.1,0.008,0.002,fft100pl,FFT100pl,MdEFFTWrk,economic__special_variable,economic,True,142,0,,0,0,False,216925,0,,0,0,False,368,143,False,2.591549295774648,1.0070422535211268,False,0.008,0.002,True,-216415,143,True,0.8,0.2,True
RkZUMjV0MzA=,118,91,46.8,0.002,0.001,fft25t30,FFT25t30,MdEFFTWrk,economic__special_variable,economic,False,221,0,,0,0,False,84078,0,,0,0,False,-103,91,False,-0.4660633484162896,0.411764705882353,False,0.002,0.001,False,-83960,91,True,0.2,0.1,False
RkZUMnA1dDU=,21,32,92.6,0,0.001,fft2p5t5,FFT2p5t5,MdEFFTWrk,economic__special_variable,economic,False,0,0,,0,0,False,2238,0,,0,0,False,21,32,False,0,,0,0.001,-2217,32,True,0,0.1
RkZUMzB0MzU=,127,71,34.2,0.002,0.001,fft30t35,FFT30t35,MdEFFTWrk,economic__special_variable,economic,False,233,0,,0,0,False,89523,0,,0,0,False,-106,71,False,-0.45493562231759654,0.3047210300429185,False,0.002,0.001,False,-89396,71,True,0.2,0.1,False
RkZUMzV0NDA=,199,120,36.8,0.003,0.002,fft35t40,FFT35t40,MdEFFTWrk,economic__special_variable,economic,False,213,0,,0,0,False,89490,0,,0,0,False,-14,120,False,-0.06572769953051644,0.5633802816901409,False,0.003,0.002,False,-89291,120,True,0.3,0.2,False
RkZUNDB0NDU=,328,128,23.7,0.005,0.002,fft40t45,FFT40t45,MdEFFTWrk,economic__special_variable,economic,False,234,0,,0,0,False,94744,0,,0,0,False,94,128,False,0.4017094017094017,0.547008547008547,False,0.005,0.002,False,-94416,128,True,0.5,0.2,False
RkZUNDV0NTA=,81,63,47.5,0.001,0.001,fft45t50,FFT45t50,MdEFFTWrk,economic__special_variable,economic,False,269,0,,0,0,False,65731,0,,0,0,False,-188,63,False,-0.6988847583643123,0.23420074349442382,False,0.001,0.001,False,-65650,63,True,0.1,0.1,False
RkZUNTB0NTU=,222,123,33.6,0.004,0.002,fft50t55,FFT50t55,MdEFFTWrk,economic__special_variable,economic,False,158,0,,0,0,False,83393,0,,0,0,False,64,123,False,0.4050632911392405,0.7784810126582279,False,0.004,0.002,False,-83171,123,True,0.4,0.2,False
RkZUNTV0NjU=,262,109,25.3,0.004,0.002,fft55t65,FFT55t65,MdEFFTWrk,economic__special_variable,economic,False,219,0,,0,0,False,125371,0,,0,0,False,43,109,False,0.1963470319634703,0.497716894977169,False,0.004,0.002,False,-125109,109,True,0.4,0.2,False
RkZUNXQ3cDU=,28,36,79,0,0.001,fft5t7p5,FFT5t7p5,MdEFFTWrk,economic__special_variable,economic,False,8,0,,0,0,False,10332,0,,0,0,False,20,36,False,2.5,4.5,False,0,0.001,-10304,36,True,0,0.1
RkZUNjV0NzU=,316,132,25.5,0.005,0.002,fft65t75,FFT65t75,MdEFFTWrk,economic__special_variable,economic,False,385,0,,0,0,False,94257,0,,0,0,False,-69,132,False,-0.17922077922077922,0.34285714285714286,False,0.005,0.002,False,-93941,132,True,0.5,0.2,False
RkZUNzV0MTAw,568,156,16.7,0.009,0.002,fft75t100,FFT75t100,MdEFFTWrk,economic__special_variable,economic,True,468,0,,0,0,False,171740,0,,0,0,False,100,156,False,0.21367521367521367,0.3333333333333333,False,0.009,0.002,True,-171172,156,True,0.8999999999999999,0.2,True
RkZUN3A1dDEw,69,75,66.1,0.001,0.001,fft7p5t10,FFT7p5t10,MdEFFTWrk,economic__special_variable,economic,False,6,0,,0,0,False,10188,0,,0,0,False,63,75,False,10.5,12.5,False,0.001,0.001,False,-10119,75,True,0.1,0.1,False
RkZUVTJwdDVr,0,0,,0,0,fftu2pt5k,FFTU2pt5k,MdEFFTWrk,economic__special_variable,economic,False,0,0,,0,0,False,1176,0,,0,0,False,0,0,0,,,,-1176,0,True,0,0
RkkxMDB0MTQ5,1641,289,10.7,0.269,0.045,fi100t149,FI100t149,Fam2,income_and_benefits,economic,True,,0,,0,0,False,284755,4036,0.9,0.151,0.002,True,,,,,0.269,0.045,True,-283114,4046.3337726885557,True,11.800000000000002,4.504442251822083,False
RkkxNTB0MTk5,1034,247,14.5,0.169,0.039,fi150t199,FI150t199,Fam2,income_and_benefits,economic,True,,0,,0,0,False,148457,2767,1.1,0.079,0.001,True,,,,,0.169,0.039,True,-147423,2778.002519797273,True,9.000000000000002,3.9012818406262317,False
RklSRQ==,1115,285,15.5,0.109,0.027,fire,FIRE,CvEm16pl3,industry,economic,True,,0,,0,0,False,383827,4616,0.7,0.095,0.001,True,,,,,0.109,0.027,True,-382712,4624.789833062688,True,1.4000000000000004,2.701851217221259,False
Rldya0Vybg==,3046,341,6.8,0.051,0.01,fwrkern,FWrkErn,MdEFFTWrk,economic__special_variable,economic,True,2734,0,,0,0,False,1342035,5633,0.3,0,0,True,312,341,False,0.1141185076810534,0.12472567666422824,False,0.051,0.01,True,-1338989,5643.311970819972,True,5.1,1,True
R3Z0V3Jrcg==,2559,368,8.7,0.25,0.031,gvtwrkr,GvtWrkr,CvEm16pl4,class_of_worker,economic,True,1806,289,9.7,0.197,0.029,True,531808,5765,0.7,0.131,0.001,True,753,467.91559067848976,False,0.4169435215946844,0.30484809238321714,False,0.05299999999999999,0.042449970553582246,False,-529249,5776.733419502756,True,11.899999999999999,3.1016124838541645,True
SEgy,7663,185,1.5,1,0,hh2,HH2,HH2,income_and_benefits,economic,True,6861,192,1.7,1,0,True,3154103,5930,0.1,1,0,True,802,266.62520511009456,False,0.11689258125637662,0.0412790260058508,False,0,0,-3146440,5932.885048608307,True,0,0
SEg1,7663,185,1.5,0.068,0.006,hh5,HH5,MnHHInc,economic__special_variable,economic,True,6861,192,,0,0,False,3154103,5930,0.1,0,0,True,802,266.62520511009456,False,0.11689258125637662,0.0412790260058508,False,0.068,0.006,True,-3146440,5932.885048608307,True,6.800000000000001,0.6,True
SEhJMTB0MTQ=,339,184,33,0.044,0.024,hhi10t14,HHI10t14,HH2,income_and_benefits,economic,False,,0,,0,0,False,196924,3003,0.9,0.062,0.001,True,,,,,0.044,0.024,False,-196585,3008.631748818722,True,-1.8000000000000007,2.4020824298928627,False
SEhJMTV0MjQ=,608,223,22.3,0.079,0.029,hhi15t24,HHI15t24,HH2,income_and_benefits,economic,False,,0,,0,0,False,297771,4297,0.9,0.094,0.001,True,,,,,0.079,0.029,False,-297163,4302.782588046949,True,-1.5,2.901723625709382,False
SEhJMjAwcGw=,902,196,13.2,0.118,0.025,hhi200pl,HHI200pl,HH2,income_and_benefits,economic,True,,0,,0,0,False,320979,4365,0.8,0.102,0.001,True,,,,,0.118,0.025,True,-320077,4369.3982423212465,True,1.5999999999999996,2.5019992006393608,False
SEhJMjV0MzQ=,388,167,26.1,0.051,0.022,hhi25t34,HHI25t34,HH2,income_and_benefits,economic,False,,0,,0,0,False,258598,4053,1,0.082,0.001,True,,,,,0.051,0.022,False,-258210,4056.4390787980533,True,-3.1000000000000014,2.2022715545545237,False
SEhJMzV0NDk=,530,163,18.7,0.069,0.021,hhi35t49,HHI35t49,HH2,income_and_benefits,economic,True,,0,,0,0,False,332258,3673,0.7,0.105,0.001,True,,,,,0.069,0.021,True,-331728,3676.6150192806426,True,-3.5999999999999996,2.1023796041628637,False
SEhJNTB0NzQ=,794,187,14.3,0.104,0.024,hhi50t74,HHI50t74,HH2,income_and_benefits,economic,True,,0,,0,0,False,462374,4498,0.6,0.147,0.001,True,,,,,0.104,0.024,True,-461580,4501.885493879204,True,-4.299999999999999,2.4020824298928627,False
SEhJNzV0OTk=,862,226,15.9,0.112,0.029,hhi75t99,HHI75t99,HH2,income_and_benefits,economic,True,,0,,0,0,False,345558,4369,0.8,0.11,0.001,True,,,,,0.112,0.029,True,-344696,4374.841368552693,True,0.20000000000000107,2.901723625709382,False
SEhJVTEw,261,133,31,0.034,0.017,hhiu10,HHIU10,HH2,income_and_benefits,economic,False,,0,,0,0,False,277465,4118,0.9,0.088,0.001,True,,,,,0.034,0.017,False,-277204,4120.147206108054,True,-5.399999999999999,1.7029386365926402,True
SEkxMDB0MTQ5,1830,292,9.7,0.239,0.038,hi100t149,HI100t149,HH2,income_and_benefits,economic,True,,0,,0,0,False,440162,4870,0.7,0.14,0.001,True,,,,,0.239,0.038,True,-438332,4878.746150395612,True,9.899999999999997,3.8013155617496426,False
SEkxNTB0MTk5,1149,260,13.8,0.15,0.034,hi150t199,HI150t199,HH2,income_and_benefits,economic,True,,0,,0,0,False,222014,3241,0.9,0.07,0.001,True,,,,,0.15,0.034,True,-220865,3251.4121547413824,True,7.999999999999999,3.40147027033899,False
SElucw==,21721,1078,3,0.979,0.01,hins,HIns,CvNIPop2,health_insurance_coverage,economic,True,,0,,0,0,False,7672151,9602,0.1,0.916,0.001,True,,,,,0.979,0.01,True,-7650430,9662.323116104119,True,6.299999999999983,1.004987562112089,True
SW5jX0NQYkE=,131,86,39.7,0.017,0.011,inc_cpba,Inc_CPbA,HH2,income_and_benefits,economic,False,28,32,69.5,0.004,0.005,False,137887,2654,1.2,0.044,0.001,True,103,91.76055797563569,False,3.6785714285714284,6.166313950687422,False,0.013000000000000001,0.012083045973594572,False,-137756,2655.393002928192,True,-2.6999999999999993,1.104536101718726,False
SW5jX1J0cm10,1603,233,8.8,0.209,0.03,inc_rtrmt,Inc_Rtrmt,HH2,income_and_benefits,economic,True,1357,223,10,0.198,0.032,True,401837,4488,0.7,0.127,0.001,True,246,322.51821653977936,False,0.1812822402358143,0.2591634771648449,False,0.010999999999999982,0.043863424398922615,False,-400234,4494.044169787387,True,8.2,3.0016662039607267,False
SW5jX1NOQVA=,392,152,23.5,0.051,0.02,inc_snap,Inc_SNAP,HH2,income_and_benefits,economic,False,154,80,31.5,0.022,0.012,False,624636,5512,0.5,0.198,0.002,True,238,171.7672844286711,False,1.5454545454545454,1.6500633570462921,False,0.028999999999999998,0.0233238075793812,False,-624244,5514.095392718556,True,-14.700000000000001,2.009975124224178,True
SW5jX1NvU2Vj,3191,281,5.4,0.416,0.035,inc_sosec,Inc_SoSec,HH2,income_and_benefits,economic,True,1883,220,7.1,0.274,0.031,True,821385,4437,0.3,0.26,0.001,True,1308,356.87672941787616,True,0.6946362187997875,0.24793270811110013,False,0.14199999999999996,0.04675467891024384,False,-818194,4445.889112427344,True,15.600000000000001,3.5014282800023198,True
SW5jX1NwU2Vj,260,106,24.9,0.034,0.014,inc_spsec,Inc_SpSec,HH2,income_and_benefits,economic,False,242,89,22.5,0.035,0.013,False,249247,3354,0.8,0.079,0.001,True,18,138.4088147481944,False,0.0743801652892562,0.5898990499353625,False,-0.0010000000000000009,0.0191049731745428,False,-248987,3355.674596858283,True,-4.5,1.4035668847618201,True
SW5mbw==,250,136,33.1,0.024,0.013,info,Info,CvEm16pl3,industry,economic,False,,0,,0,0,False,154804,3187,1.3,0.038,0.001,True,,,,,0.024,0.013,False,-154554,3189.900468666695,True,-1.4,1.3038404810405297,False
TEY=,10610,738,4.2,0.591,0.032,lf,LF,Pop16pl,employment_status,economic,True,9585,541,3.4,0.633,0.026,True,4356776,10369,0.1,0.635,0.002,True,1025,915.0546431771165,False,0.10693792383933229,0.09915543754719368,False,-0.04200000000000004,0.0412310562561766,False,-4346166,10395.22991568729,True,-4.400000000000006,3.2062439083762797,False
TEZBcm1kRg==,0,0,,0,0,lfarmdf,LFArmdF,Pop16pl,employment_status,economic,False,54,69,77.7,0.004,0.005,False,2302,421,11.1,0,0.001,True,-54,69,False,-1,0,True,-0.004,0.005,False,-2302,421,True,0,0.1
TWRFRkZUV3Jr,60076,9574,9.7,,,mdefftwrk,MdEFFTWrk,median,earnings,economic,True,57891,7333,7.7,,,True,51327,284,0.3,,,True,2185,12059.617116641804,False,0.03774334525228447,0.21125711659993018,False,,,8749,9578.211315271761,False,,
TWRFTUZUV3Jr,82310,10281,7.6,,,mdemftwrk,MdEMFTWrk,median,earnings,economic,True,81199,7793,5.8,,,True,54127,221,0.2,,,True,1111,12900.76780660748,False,0.013682434512740305,0.15967508024502827,False,,,28183,10283.375029629135,False,,
TWRFV3Jr,52960,4322,5,,,mdewrk,MdEWrk,median,earnings,economic,True,58669,5527,5.7,,,True,38845,255,0.4,,,True,-5709,7016.224982139612,False,-0.09730862977040686,0.11251044308008568,False,,,14115,4329.516023760623,True,,
bWRGYW0=,6104,346,3.4,0.055,0.005,mdfam,mdFam,MdFamInc,economic__special_variable,economic,True,5673,0,,0,0,False,1887978,7339,0.2,0,0,True,431,346,False,0.07597391151066456,0.06099065750044068,False,0.055,0.005,True,-1881874,7347.151624949631,True,5.5,0.5,True
bWRGYW1JMTB0MTQ=,147,113,46.6,0.001,0.001,mdfami10t14,mdFamI10t14,MdFamInc,economic__special_variable,economic,False,107,0,,0,0,False,77738,0,,0,0,False,40,113,False,0.37383177570093457,1.0560747663551402,False,0.001,0.001,False,-77591,113,True,0.1,0.1,False
bWRGYW1JMTV0MTk=,74,68,56.3,0.001,0.001,mdfami15t19,mdFamI15t19,MdFamInc,economic__special_variable,economic,False,76,0,,0,0,False,84551,0,,0,0,False,-2,68,False,-0.02631578947368421,0.8947368421052632,False,0.001,0.001,False,-84477,68,True,0.1,0.1,False
bWRGYW1JMjAwcGw=,862,191,13.5,0.008,0.002,mdfami200pl,mdFamI200pl,MdFamInc,economic__special_variable,economic,True,408,0,,0,0,False,222929,0,,0,0,False,454,191,False,1.1127450980392157,0.4681372549019608,False,0.008,0.002,True,-222067,191,True,0.8,0.2,True
bWRGYW1JMjB0MjQ=,339,203,36.3,0.003,0.002,mdfami20t24,mdFamI20t24,MdFamInc,economic__special_variable,economic,False,82,0,,0,0,False,83811,0,,0,0,False,257,203,False,3.1341463414634148,2.4756097560975605,False,0.003,0.002,False,-83472,203,True,0.3,0.2,False
bWRGYW1JMjV0Mjk=,282,169,36.4,0.003,0.001,mdfami25t29,mdFamI25t29,MdFamInc,economic__special_variable,economic,False,144,0,,0,0,False,80705,0,,0,0,False,138,169,False,0.9583333333333334,1.173611111111111,False,0.003,0.001,False,-80423,169,True,0.3,0.1,False
bWRGYW1JMzB0MzQ=,61,41,41,0.001,0,mdfami30t34,mdFamI30t34,MdFamInc,economic__special_variable,economic,False,237,0,,0,0,False,79928,0,,0,0,False,-176,41,True,-0.7426160337552743,0.1729957805907173,True,0.001,0,True,-79867,41,True,0.1,0,True
bWRGYW1JMzV0Mzk=,41,35,51.6,0,0,mdfami35t39,mdFamI35t39,MdFamInc,economic__special_variable,economic,False,168,0,,0,0,False,74610,0,,0,0,False,-127,35,True,-0.7559523809523809,0.20833333333333334,True,0,0,-74569,35,True,0,0
bWRGYW1JNDB0NDQ=,180,92,31.2,0.002,0.001,mdfami40t44,mdFamI40t44,MdFamInc,economic__special_variable,economic,False,140,0,,0,0,False,73356,0,,0,0,False,40,92,False,0.2857142857142857,0.6571428571428573,False,0.002,0.001,False,-73176,92,True,0.2,0.1,False
bWRGYW1JNDV0NDk=,108,75,42.2,0.001,0.001,mdfami45t49,mdFamI45t49,MdFamInc,economic__special_variable,economic,False,87,0,,0,0,False,62927,0,,0,0,False,21,75,False,0.2413793103448276,0.8620689655172414,False,0.001,0.001,False,-62819,75,True,0.1,0.1,False
bWRGYW1JNTB0NTk=,226,95,25.5,0.002,0.001,mdfami50t59,mdFamI50t59,MdFamInc,economic__special_variable,economic,False,545,0,,0,0,False,125090,0,,0,0,False,-319,95,True,-0.5853211009174312,0.1743119266055046,True,0.002,0.001,False,-124864,95,True,0.2,0.1,False
bWRGYW1JNjB0NzQ=,243,85,21.3,0.002,0.001,mdfami60t74,mdFamI60t74,MdFamInc,economic__special_variable,economic,False,460,0,,0,0,False,161984,0,,0,0,False,-217,85,False,-0.4717391304347826,0.18478260869565216,False,0.002,0.001,False,-161741,85,True,0.2,0.1,False
bWRGYW1JNzV0OTk=,718,185,15.6,0.006,0.002,mdfami75t99,mdFamI75t99,MdFamInc,economic__special_variable,economic,True,922,0,,0,0,False,214732,0,,0,0,False,-204,185,False,-0.22125813449023862,0.20065075921908893,False,0.006,0.002,False,-214014,185,True,0.6,0.2,False
TWRGYW1JbmM=,111852,8586,4.7,,,mdfaminc,MdFamInc,median,income_and_benefits,economic,True,108142,10600,6,,,True,68004,485,0.4,,,True,3710,13641.092185012167,False,0.03430674483549407,0.12877100342955597,False,,,43848,8599.687261755511,True,,
bWRGYW1JVTEw,148,103,42.4,0.001,0.001,mdfamiu10,mdFamIU10,MdFamInc,economic__special_variable,economic,False,101,0,,0,0,False,112405,0,,0,0,False,47,103,False,0.46534653465346537,1.0198019801980196,False,0.001,0.001,False,-112257,103,True,0.1,0.1,False
bWRGSTEwMHQxMjQ=,1023,249,14.8,0.009,0.002,mdfi100t124,mdFI100t124,MdFamInc,economic__special_variable,economic,True,707,0,,0,0,False,164569,0,,0,0,False,316,249,False,0.44695898161244696,0.3521923620933522,False,0.009,0.002,True,-163546,249,True,0.8999999999999999,0.2,True
bWRGSTEyNXQxNDk=,618,165,16.2,0.006,0.001,mdfi125t149,mdFI125t149,MdFamInc,economic__special_variable,economic,True,529,0,,0,0,False,120186,0,,0,0,False,89,165,False,0.16824196597353497,0.3119092627599244,False,0.006,0.001,True,-119568,165,True,0.6,0.1,True
bWRGSTE1MHQxOTk=,1034,247,14.5,0.009,0.002,mdfi150t199,mdFI150t199,MdFamInc,economic__special_variable,economic,True,960,0,,0,0,False,148457,0,,0,0,False,74,247,False,0.07708333333333334,0.2572916666666667,False,0.009,0.002,True,-147423,247,True,0.8999999999999999,0.2,True
bWRISA==,7663,185,1.5,0.076,0.008,mdhh,mdHH,MdHHInc,economic__special_variable,economic,True,6861,192,,0,0,False,3154103,5930,0.1,0,0,True,802,266.62520511009456,False,0.11689258125637662,0.0412790260058508,False,0.076,0.008,True,-3146440,5932.885048608307,True,7.6,0.8,True
bWRISEkxMHQxNA==,339,184,33,0.003,0.002,mdhhi10t14,mdHHI10t14,MdHHInc,economic__special_variable,economic,False,156,0,,0,0,False,196924,0,,0,0,False,183,184,False,1.1730769230769231,1.1794871794871793,False,0.003,0.002,False,-196585,184,True,0.3,0.2,False
bWRISEkxNXQxOQ==,167,94,34.3,0.002,0.001,mdhhi15t19,mdHHI15t19,MdHHInc,economic__special_variable,economic,False,177,0,,0,0,False,153690,0,,0,0,False,-10,94,False,-0.05649717514124294,0.5310734463276836,False,0.002,0.001,False,-153523,94,True,0.2,0.1,False
bWRISEkyMDBwbA==,902,196,13.2,0.009,0.002,mdhhi200pl,mdHHI200pl,MdHHInc,economic__special_variable,economic,True,432,0,,0,0,False,320979,0,,0,0,False,470,196,False,1.087962962962963,0.4537037037037037,False,0.009,0.002,True,-320077,196,True,0.8999999999999999,0.2,True
bWRISEkyMHQyNA==,441,204,28.1,0.004,0.002,mdhhi20t24,mdHHI20t24,MdHHInc,economic__special_variable,economic,False,111,0,,0,0,False,144081,0,,0,0,False,330,204,False,2.972972972972973,1.8378378378378375,False,0.004,0.002,False,-143640,204,True,0.4,0.2,False
bWRISEkyNXQyOQ==,297,162,33.2,0.003,0.002,mdhhi25t29,mdHHI25t29,MdHHInc,economic__special_variable,economic,False,168,0,,0,0,False,130669,0,,0,0,False,129,162,False,0.7678571428571429,0.9642857142857143,False,0.003,0.002,False,-130372,162,True,0.3,0.2,False
bWRISEkzMHQzNA==,91,50,33.3,0.001,0,mdhhi30t34,mdHHI30t34,MdHHInc,economic__special_variable,economic,False,299,0,,0,0,False,127929,0,,0,0,False,-208,50,True,-0.6956521739130435,0.16722408026755853,True,0.001,0,True,-127838,50,True,0.1,0,True
bWRISEkzNXQzOQ==,119,95,48.8,0.001,0.001,mdhhi35t39,mdHHI35t39,MdHHInc,economic__special_variable,economic,False,248,0,,0,0,False,117013,0,,0,0,False,-129,95,False,-0.5201612903225806,0.38306451612903225,False,0.001,0.001,False,-116894,95,True,0.1,0.1,False
bWRISEk0MHQ0NA==,210,99,28.7,0.002,0.001,mdhhi40t44,mdHHI40t44,MdHHInc,economic__special_variable,economic,False,160,0,,0,0,False,118136,0,,0,0,False,50,99,False,0.3125,0.61875,False,0.002,0.001,False,-117926,99,True,0.2,0.1,False
bWRISEk0NXQ0OQ==,201,92,27.7,0.002,0.001,mdhhi45t49,mdHHI45t49,MdHHInc,economic__special_variable,economic,False,189,0,,0,0,False,97109,0,,0,0,False,12,92,False,0.06349206349206349,0.4867724867724868,False,0.002,0.001,False,-96908,92,True,0.2,0.1,False
bWRISEk1MHQ1OQ==,413,160,23.5,0.004,0.002,mdhhi50t59,mdHHI50t59,MdHHInc,economic__special_variable,economic,False,684,0,,0,0,False,200625,0,,0,0,False,-271,160,False,-0.3961988304093567,0.23391812865497072,False,0.004,0.002,False,-200212,160,True,0.4,0.2,False
bWRISEk2MHQ3NA==,381,109,17.4,0.004,0.001,mdhhi60t74,mdHHI60t74,MdHHInc,economic__special_variable,economic,True,612,0,,0,0,False,261749,0,,0,0,False,-231,109,False,-0.37745098039215685,0.17810457516339873,False,0.004,0.001,True,-261368,109,True,0.4,0.1,True
bWRISEk3NXQ5OQ==,862,226,15.9,0.009,0.002,mdhhi75t99,mdHHI75t99,MdHHInc,economic__special_variable,economic,True,1051,0,,0,0,False,345558,0,,0,0,False,-189,226,False,-0.17982873453853473,0.2150333016175071,False,0.009,0.002,True,-344696,226,True,0.8999999999999999,0.2,True
TWRISEluYw==,101094,9778,5.9,,,mdhhinc,MdHHInc,median,income_and_benefits,economic,True,98574,10226,6.3,,,True,60762,379,0.4,,,True,2520,14148.510875707027,False,0.02556455048998722,0.1454602199067539,False,,,40332,9785.342354767154,True,,
bWRISElVMTA=,261,133,31,0.003,0.001,mdhhiu10,mdHHIU10,MdHHInc,economic__special_variable,economic,False,189,0,,0,0,False,277465,0,,0,0,False,72,133,False,0.38095238095238093,0.7037037037037037,False,0.003,0.001,False,-277204,133,True,0.3,0.1,False
bWRISTEwMHQxMjQ=,1131,251,13.5,0.011,0.002,mdhi100t124,mdHI100t124,MdHHInc,economic__special_variable,economic,True,790,0,,0,0,False,257611,0,,0,0,False,341,251,False,0.4316455696202532,0.3177215189873418,False,0.011,0.002,True,-256480,251,True,1.0999999999999999,0.2,True
bWRISTEyNXQxNDk=,699,188,16.4,0.007,0.002,mdhi125t149,mdHI125t149,MdHHInc,economic__special_variable,economic,True,603,0,,0,0,False,182551,0,,0,0,False,96,188,False,0.15920398009950248,0.31177446102819234,False,0.007,0.002,True,-181852,188,True,0.7000000000000001,0.2,True
bWRISTE1MHQxOTk=,1149,260,13.8,0.011,0.002,mdhi150t199,mdHI150t199,MdHHInc,economic__special_variable,economic,True,992,0,,0,0,False,222014,0,,0,0,False,157,260,False,0.15826612903225806,0.2620967741935484,False,0.011,0.002,True,-220865,260,True,1.0999999999999999,0.2,True
TWRORkluYw==,48628,11980,15,,,mdnfinc,MdNFInc,median,income_and_benefits,economic,True,58539,10170,10.6,,,True,45515,682,0.9,,,True,-9911,15714.620580847633,False,-0.16930593279693879,0.25041746060870734,False,,,3113,11999.39681817382,False,,
TUYxMHQxMnA1,36,33,56.2,0,0,mf10t12p5,MF10t12p5,MdEMFTWrk,economic__special_variable,economic,False,20,0,,0,0,False,22057,0,,0,0,False,16,33,False,0.8,1.6499999999999997,False,0,0,-22021,33,True,0,0
TUYxMnA1dDE1,11,16,88.4,0,0,mf12p5t15,MF12p5t15,MdEMFTWrk,economic__special_variable,economic,False,31,0,,0,0,False,25036,0,,0,0,False,-20,16,False,-0.6451612903225806,0.5161290322580646,False,0,0,-25025,16,True,0,0
TUYxNXQxN3A1,36,38,63.6,0,0,mf15t17p5,MF15t17p5,MdEMFTWrk,economic__special_variable,economic,False,54,0,,0,0,False,41647,0,,0,0,False,-18,38,False,-0.3333333333333333,0.7037037037037037,False,0,0,-41611,38,True,0,0
TUYxN3A1dDIw,0,0,,0,0,mf17p5t20,MF17p5t20,MdEMFTWrk,economic__special_variable,economic,False,54,0,,0,0,False,37001,0,,0,0,False,-54,0,True,-1,0,True,0,0,-37001,0,True,0,0
TUYyMHQyMnA1,100,79,47.7,0.001,0.001,mf20t22p5,MF20t22p5,MdEMFTWrk,economic__special_variable,economic,False,33,0,,0,0,False,63320,0,,0,0,False,67,79,False,2.0303030303030303,2.393939393939394,False,0.001,0.001,False,-63220,79,True,0.1,0.1,False
TUYyMnA1dDI1,86,73,51.4,0.001,0.001,mf22p5t25,MF22p5t25,MdEMFTWrk,economic__special_variable,economic,False,44,0,,0,0,False,38980,0,,0,0,False,42,73,False,0.9545454545454546,1.659090909090909,False,0.001,0.001,False,-38894,73,True,0.1,0.1,False
TUZUMTAwcGw=,1674,277,10,0.02,0.002,mft100pl,MFT100pl,MdEMFTWrk,economic__special_variable,economic,True,983,0,,0,0,False,363256,0,,0,0,False,691,277,False,0.7029501525940997,0.2817904374364192,False,0.02,0.002,True,-361582,277,True,2,0.2,True
TUZUMjV0MzA=,137,116,51.6,0.002,0.001,mft25t30,MFT25t30,MdEMFTWrk,economic__special_variable,economic,False,176,0,,0,0,False,103385,0,,0,0,False,-39,116,False,-0.2215909090909091,0.6590909090909091,False,0.002,0.001,False,-103248,116,True,0.2,0.1,False
TUZUMnA1dDU=,0,0,,0,0,mft2p5t5,MFT2p5t5,MdEMFTWrk,economic__special_variable,economic,False,0,0,,0,0,False,1891,0,,0,0,False,0,0,0,,,,-1891,0,True,0,0
TUZUMzB0MzU=,102,60,35.5,0.001,0.001,mft30t35,MFT30t35,MdEMFTWrk,economic__special_variable,economic,False,160,0,,0,0,False,106658,0,,0,0,False,-58,60,False,-0.3625,0.375,False,0.001,0.001,False,-106556,60,True,0.1,0.1,False
TUZUMzV0NDA=,122,86,42.7,0.001,0.001,mft35t40,MFT35t40,MdEMFTWrk,economic__special_variable,economic,False,269,0,,0,0,False,88552,0,,0,0,False,-147,86,False,-0.5464684014869888,0.3197026022304833,False,0.001,0.001,False,-88430,86,True,0.1,0.1,False
TUZUNDB0NDU=,157,96,37,0.002,0.001,mft40t45,MFT40t45,MdEMFTWrk,economic__special_variable,economic,False,217,0,,0,0,False,99614,0,,0,0,False,-60,96,False,-0.2764976958525346,0.44239631336405527,False,0.002,0.001,False,-99457,96,True,0.2,0.1,False
TUZUNDV0NTA=,215,107,30.3,0.003,0.001,mft45t50,MFT45t50,MdEMFTWrk,economic__special_variable,economic,False,133,0,,0,0,False,67213,0,,0,0,False,82,107,False,0.6165413533834586,0.8045112781954886,False,0.003,0.001,False,-66998,107,True,0.3,0.1,False
TUZUNTB0NTU=,323,165,31,0.004,0.002,mft50t55,MFT50t55,MdEMFTWrk,economic__special_variable,economic,False,254,0,,0,0,False,98002,0,,0,0,False,69,165,False,0.27165354330708663,0.6496062992125985,False,0.004,0.002,False,-97679,165,True,0.4,0.2,False
TUZUNTV0NjU=,358,169,28.8,0.004,0.002,mft55t65,MFT55t65,MdEMFTWrk,economic__special_variable,economic,False,483,0,,0,0,False,133527,0,,0,0,False,-125,169,False,-0.2587991718426501,0.3498964803312629,False,0.004,0.002,False,-133169,169,True,0.4,0.2,False
TUZUNXQ3cDU=,48,45,56.5,0.001,0.001,mft5t7p5,MFT5t7p5,MdEMFTWrk,economic__special_variable,economic,False,0,0,,0,0,False,9728,0,,0,0,False,48,45,False,0,,0.001,0.001,False,-9680,45,True,0.1,0.1,False
TUZUNjV0NzU=,266,131,30,0.003,0.002,mft65t75,MFT65t75,MdEMFTWrk,economic__special_variable,economic,False,469,0,,0,0,False,104166,0,,0,0,False,-203,131,False,-0.43283582089552236,0.279317697228145,False,0.003,0.002,False,-103900,131,True,0.3,0.2,False
TUZUNzV0MTAw,778,243,19,0.009,0.003,mft75t100,MFT75t100,MdEMFTWrk,economic__special_variable,economic,True,978,0,,0,0,False,177860,0,,0,0,False,-200,243,False,-0.20449897750511248,0.24846625766871164,False,0.009,0.003,False,-177082,243,True,0.8999999999999999,0.3,False
TUZUN3A1dDEw,0,0,,0,0,mft7p5t10,MFT7p5t10,MdEMFTWrk,economic__special_variable,economic,False,0,0,,0,0,False,10596,0,,0,0,False,0,0,0,,,,-10596,0,True,0,0
TUZUVTJwdDVr,0,0,,0,0,mftu2pt5k,MFTU2pt5k,MdEMFTWrk,economic__special_variable,economic,False,0,0,,0,0,False,2252,0,,0,0,False,0,0,0,,,,-2252,0,True,0,0
TWdCU2NpQXJ0,4371,437,6.1,0.427,0.031,mgbsciart,MgBSciArt,CvEm16pl2,occupation,economic,True,3418,412,7.3,0.372,0.039,True,1673223,10141,0.4,0.413,0.002,True,953,600.5938727626182,False,0.2788180222352253,0.20026842688122432,False,0.05499999999999999,0.0498196748283246,False,-1668852,10150.411321714997,True,1.3999999999999986,3.1064449134018135,False
TW5mY3Rybmc=,284,124,26.6,0.028,0.012,mnfctrng,Mnfctrng,CvEm16pl3,industry,economic,False,,0,,0,0,False,133626,2719,1.2,0.033,0.001,True,,,,,0.028,0.012,False,-133342,2721.826041465545,True,-0.5,1.2041594578792296,False
TW5ISEluYw==,112964,9254,5,,,mnhhinc,MnHHInc,mean,income_and_benefits,economic,True,114670,7830,4.2,,,True,97647,682,0.4,,,True,-1706,12122.104437761622,False,-0.01487747449202058,0.10505963349551761,False,,,15317,9279.096938818993,False,,
TW5UcnZUbQ==,46.8,5.5,7.1,,,mntrvtm,MnTrvTm,mean,commute_to_work,economic,True,44.1,4.4,6.1,,,True,41.2,0.1,0.1,,,True,2.6999999999999957,7.043436661176133,False,0.06122448979591827,0.163600660256843,False,,,5.599999999999994,5.500909015790027,False,,
TVdya0Vybg==,4449,436,6,0.054,0.009,mwrkern,MWrkErn,MdEMFTWrk,economic__special_variable,economic,True,4358,0,,0,0,False,1594741,6501,0.2,0,0,True,91,436,False,0.020881138136759982,0.10004589261128957,False,0.054,0.009,True,-1590292,6515.604116273486,True,5.4,0.8999999999999999,True
TkYxMDB0MTI0,108,60,33.7,0.002,0.001,nf100t124,NF100t124,MdNFInc,economic__special_variable,economic,False,83,0,,0,0,False,87790,0,,0,0,False,25,60,False,0.30120481927710846,0.7228915662650602,False,0.002,0.001,False,-87682,60,True,0.2,0.1,False
TkYxMjV0MTQ5,40,38,57.8,0.001,0.001,nf125t149,NF125t149,MdNFInc,economic__special_variable,economic,False,87,0,,0,0,False,57550,0,,0,0,False,-47,38,False,-0.5402298850574713,0.4367816091954023,False,0.001,0.001,False,-57510,38,True,0.1,0.1,False
TkYxNTB0MTk5,105,85,49,0.002,0.002,nf150t199,NF150t199,MdNFInc,economic__special_variable,economic,False,14,0,,0,0,False,66764,0,,0,0,False,91,85,False,6.5,6.071428571428572,False,0.002,0.002,False,-66659,85,True,0.2,0.2,False
TkZhbQ==,1559,312,12.2,0.032,0.01,nfam,NFam,MdNFInc,economic__special_variable,economic,True,1188,0,,0,0,False,1266125,5924,0.3,0,0,True,371,312,False,0.3122895622895623,0.26262626262626265,False,0.032,0.01,True,-1264566,5932.210380625421,True,3.2,1,True
TmZhbTI=,1559,312,12.2,1,0,nfam2,Nfam2,Nfam2,income_and_benefits,economic,True,1188,211,10.8,1,0,True,1266125,5924,0.3,1,0,True,371,376.64970463283254,False,0.3122895622895623,0.351136025667023,False,0,0,-1264566,5932.210380625421,True,0,0
TkZJMjAwcGw=,40,39,59.1,0.001,0.001,nfi200pl,NFI200pl,MdNFInc,economic__special_variable,economic,False,24,0,,0,0,False,88242,0,,0,0,False,16,39,False,0.6666666666666666,1.625,False,0.001,0.001,False,-88202,39,True,0.1,0.1,False
TkZtSTEwdDE0,192,153,48.6,0.004,0.003,nfmi10t14,NFmI10t14,MdNFInc,economic__special_variable,economic,False,49,0,,0,0,False,123698,0,,0,0,False,143,153,False,2.9183673469387754,3.1224489795918364,False,0.004,0.003,False,-123506,153,True,0.4,0.3,False
TkZtSTE1dDE5,93,73,48,0.002,0.001,nfmi15t19,NFmI15t19,MdNFInc,economic__special_variable,economic,False,101,0,,0,0,False,73560,0,,0,0,False,-8,73,False,-0.07920792079207921,0.7227722772277227,False,0.002,0.001,False,-73467,73,True,0.2,0.1,False
TkZtSTIwdDI0,102,61,36.6,0.002,0.001,nfmi20t24,NFmI20t24,MdNFInc,economic__special_variable,economic,False,41,0,,0,0,False,63421,0,,0,0,False,61,61,False,1.4878048780487805,1.4878048780487805,False,0.002,0.001,False,-63319,61,True,0.2,0.1,False
TkZtSTI1dDI5,66,54,50.2,0.001,0.001,nfmi25t29,NFmI25t29,MdNFInc,economic__special_variable,economic,False,24,0,,0,0,False,52665,0,,0,0,False,42,54,False,1.75,2.2500000000000004,False,0.001,0.001,False,-52599,54,True,0.1,0.1,False
TkZtSTMwdDM0,30,28,56,0.001,0.001,nfmi30t34,NFmI30t34,MdNFInc,economic__special_variable,economic,False,50,0,,0,0,False,49935,0,,0,0,False,-20,28,False,-0.4,0.5599999999999999,False,0.001,0.001,False,-49905,28,True,0.1,0.1,False
TkZtSTM1dDM5,78,90,70.5,0.002,0.002,nfmi35t39,NFmI35t39,MdNFInc,economic__special_variable,economic,False,80,0,,0,0,False,43983,0,,0,0,False,-2,90,False,-0.025,1.125,False,0.002,0.002,False,-43905,90,True,0.2,0.2,False
TkZtSTQwdDQ0,38,36,56.8,0.001,0.001,nfmi40t44,NFmI40t44,MdNFInc,economic__special_variable,economic,False,20,0,,0,0,False,47018,0,,0,0,False,18,36,False,0.9,1.7999999999999998,False,0.001,0.001,False,-46980,36,True,0.1,0.1,False
TkZtSTQ1dDQ5,93,58,37.8,0.002,0.001,nfmi45t49,NFmI45t49,MdNFInc,economic__special_variable,economic,False,131,0,,0,0,False,35258,0,,0,0,False,-38,58,False,-0.2900763358778626,0.4427480916030534,False,0.002,0.001,False,-35165,58,True,0.2,0.1,False
TkZtSTUwdDU5,187,135,43.8,0.004,0.003,nfmi50t59,NFmI50t59,MdNFInc,economic__special_variable,economic,False,139,0,,0,0,False,76129,0,,0,0,False,48,135,False,0.34532374100719426,0.9712230215827338,False,0.004,0.003,False,-75942,135,True,0.4,0.3,False
TkZtSTYwdDc0,130,62,29.1,0.003,0.001,nfmi60t74,NFmI60t74,MdNFInc,economic__special_variable,economic,False,123,0,,0,0,False,99898,0,,0,0,False,7,62,False,0.056910569105691054,0.5040650406504065,False,0.003,0.001,False,-99768,62,True,0.3,0.1,False
TkZtSTc1dDk5,144,133,56.1,0.003,0.003,nfmi75t99,NFmI75t99,MdNFInc,economic__special_variable,economic,False,134,0,,0,0,False,124990,0,,0,0,False,10,133,False,0.07462686567164178,0.9925373134328357,False,0.003,0.003,False,-124846,133,True,0.3,0.3,False
TkZtSVUxMA==,113,91,48.8,0.002,0.002,nfmiu10,NFmIU10,MdNFInc,economic__special_variable,economic,False,88,0,,0,0,False,175224,0,,0,0,False,25,91,False,0.2840909090909091,1.0340909090909092,False,0.002,0.002,False,-175111,91,True,0.2,0.2,False
TkhJbnM=,476,220,28.1,0.021,0.01,nhins,NHIns,CvNIPop2,health_insurance_coverage,economic,False,,0,,0,0,False,707744,9386,0.8,0.084,0.001,True,,,,,0.021,0.01,False,-707268,9388.577954088682,True,-6.300000000000001,1.004987562112089,True
TkxGMQ==,7332,767,6.4,0.409,0.039,nlf1,NLF1,Pop16pl,employment_status,economic,True,5546,427,4.7,0.367,0.024,True,2503584,10436,0.3,0.365,0.002,True,1786,877.8485062925151,False,0.3220338983050847,0.1717172475385651,False,0.04199999999999998,0.04579301256742124,False,-2496252,10464.147600258704,True,4.399999999999999,3.905124837953327,False
TkxGMg==,3519,593,10.2,1,0,nlf2,NLF2,NLF2,health_insurance_coverage,economic,True,,0,,0,0,False,1267386,10004,0.5,1,0,True,,,,,1,0,True,-1263867,10021.5600083021,True,0,0
TkxGSElucw==,3335,575,10.5,0.948,0.034,nlfhins,NLFHIns,NLF2,health_insurance_coverage,economic,True,,0,,0,0,False,1108889,8357,0.5,0.875,0.003,True,,,,,0.948,0.034,True,-1105554,8376.757964749848,True,7.299999999999997,3.4132096331752027,False
TkxGTkhJbnM=,184,115,38.1,0.052,0.032,nlfnhins,NLFNHIns,NLF2,health_insurance_coverage,economic,False,,0,,0,0,False,158497,3812,1.5,0.125,0.003,True,,,,,0.052,0.032,False,-158313,3813.734259226775,True,-7.3,3.2140317359976396,False
TkxGUGJISW5z,1045,346,20.1,0.297,0.085,nlfpbhins,NLFPbHIns,NLF2,health_insurance_coverage,economic,False,,0,,0,0,False,672918,7068,0.6,0.531,0.004,True,,,,,0.297,0.085,True,-671873,7076.463806167598,True,-23.400000000000002,8.509406559801922,False
TkxGUHZISW5z,2534,436,10.5,0.72,0.025,nlfpvhins,NLFPvHIns,NLF2,health_insurance_coverage,economic,True,,0,,0,0,False,514091,6051,0.7,0.406,0.004,True,,,,,0.72,0.025,True,-511557,6066.687481649273,True,31.4,2.5317977802344327,True
TlJDbnN0TW50,1113,244,13.3,0.109,0.023,nrcnstmnt,NRCnstMnt,CvEm16pl2,occupation,economic,True,930,199,13,0.101,0.021,True,245935,3997,1,0.061,0.001,True,183,314.8602864763989,False,0.1967741935483871,0.3666260875191029,False,0.007999999999999993,0.03114482300479487,False,-244822,4004.440660067271,True,4.800000000000001,2.3021728866442674,False
T0M2dDE3UExG,1628,366,13.7,0.52,0.091,oc6t17plf,OC6t17PLF,OCh6t17,employment_status,economic,True,1560,370,14.4,0.493,0.093,True,708828,5943,0.5,0.669,0.005,True,68,520.438276839819,False,0.04358974358974359,0.3410419017206843,False,0.027000000000000024,0.13011533345459328,False,-707200,5954.2593997910435,True,-14.900000000000006,9.113725912051557,False
T0NoNnQxNw==,3128,444,8.6,1,0,och6t17,OCh6t17,OCh6t17,employment_status,economic,True,3163,453,8.7,1,0,True,1060266,2788,0.2,1,0,True,-35,634.3067081467766,False,-0.011065444198545684,0.19941087839883992,False,0,0,-1057138,2823.1330113900053,True,0,0
T0NoVTY=,1550,295,11.6,1,0,ochu6,OChU6,OChU6,employment_status,economic,True,1511,296,11.9,1,0,True,619948,2582,0.3,1,0,True,39,417.9007059099087,False,0.025810721376571807,0.28017635330070545,False,0,0,-618398,2598.7976065865537,True,0,0
T0NoVTZQTEY=,957,251,16,0.617,0.112,ochu6plf,OChU6PLF,OChU6,employment_status,economic,True,444,190,26,0.294,0.111,False,391319,4009,0.6,0.631,0.006,True,513,314.80311307228203,False,1.1554054054054055,1.0818160645940722,False,0.323,0.1576863976378432,False,-390362,4016.849760695563,True,-1.3999999999999986,11.216059914247962,False
T3Robm90UEE=,373,146,23.8,0.036,0.014,othnotpa,OthnotPA,CvEm16pl3,industry,economic,False,,0,,0,0,False,218455,3403,0.9,0.054,0.001,True,,,,,0.036,0.014,False,-218082,3406.13050249106,True,-1.8000000000000007,1.4035668847618201,False
UDY1cGxCd1B2,483,247,31.1,0.122,0.061,p65plbwpv,P65plBwPv,P65plPvU,income_in_past_12_months_is_below_the_poverty_level,economic,False,178,90,30.6,0.089,0.043,False,211852,3405,1,0.183,0.003,True,305,262.8859068113009,False,1.7134831460674158,1.95138187394868,False,0.033,0.07463243262818116,False,-211369,3413.946982599466,True,-6.100000000000001,6.107372593840988,False
UDY1cGxQdlU=,3961,428,6.6,1,0,p65plpvu,P65plPvU,P65plPvU,income_in_past_12_months_is_below_the_poverty_level,economic,True,2007,262,7.9,1,0,True,1154990,1054,0.1,1,0,True,1954,501.8246705772844,True,0.9735924265072247,0.33444714299338646,False,0,0,-1151029,1137.58516164725,True,0,0
UGJISW5z,6488,937,8.8,0.292,0.04,pbhins,PbHIns,CvNIPop2,health_insurance_coverage,economic,True,,0,,0,0,False,3582878,13654,0.2,0.428,0.002,True,,,,,0.292,0.04,True,-3576390,13686.112852084772,True,-13.599999999999998,4.004996878900157,True
UEJ3UHY=,2406,923,23.3,0.108,0.041,pbwpv,PBwPv,PopPvU1,income_in_past_12_months_is_below_the_poverty_level,economic,False,932,395,25.8,0.048,0.02,False,1570754,14520,0.6,0.189,0.002,True,1474,1003.9691230311817,False,1.5815450643776825,1.4757561190077755,False,0.06,0.04561797891182818,False,-1568348,14549.30682197609,True,-8.099999999999998,4.104875150354759,False
UGVyQ2FwSW5j,39433,3611,5.6,,,percapinc,PerCapInc,mean,income_and_benefits,economic,True,40718,2958,4.4,,,True,37693,250,0.4,,,True,-1285,4667.877997548779,False,-0.03155852448548553,0.11320026632272358,False,,,1740,3619.6437670024934,False,,
UG9wMTZwbA==,17942,794,2.7,1,0,pop16pl,Pop16pl,Pop16pl,employment_status,economic,True,15131,592,2.4,1,0,True,6860360,1728,0,1,0,True,2811,990.4039579888603,False,0.18577754279294165,0.07004276848961126,False,0,0,-6842418,1901.6887232141858,True,0,0
UG9wXzY=,22197,1077,2.9,0.563,0.058,pop_6,Pop_6,PerCapInc,economic__special_variable,economic,True,19461,750,,0,0,False,8443713,0,,0,0,False,2736,1312.41342571615,False,0.1405888700477879,0.07067438869230938,False,0.563,0.058,True,-8421516,1077,True,56.3,5.800000000000001,True
UG9wUHZVMQ==,22183,1077,3,1,0,poppvu1,PopPvU1,PopPvU1,income_in_past_12_months_is_below_the_poverty_level,economic,True,19418,743,2.3,1,0,True,8304816,2781,0,1,0,True,2765,1308.4257716813743,False,0.14239365537130497,0.07061861954500041,False,0,0,-8282633,2982.262563893394,True,0,0
UG9wUHZVMg==,22183,1077,3,1,0,poppvu2,PopPvU2,PopPvU2,ratio_of_income_to_poverty_level,economic,True,19418,743,2.3,1,0,True,8304816,2781,0,1,0,True,2765,1308.4257716813743,False,0.14239365537130497,0.07061861954500041,False,0,0,-8282633,2982.262563893394,True,0,0
UHJkVHJuc01N,713,205,17.5,0.07,0.019,prdtrnsmm,PrdTrnsMM,CvEm16pl2,occupation,economic,True,487,162,20.2,0.053,0.017,False,373428,4652,0.8,0.092,0.001,True,226,261.283371074395,False,0.46406570841889117,0.6437255713957992,False,0.017000000000000008,0.025495097567963924,False,-372715,4656.514683752216,True,-2.1999999999999984,1.9026297590440446,False
UHJmU01nQVdN,999,238,14.5,0.097,0.022,prfsmgawm,PrfSMgAWM,CvEm16pl3,industry,economic,True,,0,,0,0,False,555773,6009,0.7,0.137,0.001,True,,,,,0.097,0.022,True,-554774,6013.711416421643,True,-4,2.2022715545545237,False
UHJ2V1NXcmty,7416,578,4.7,0.724,0.026,prvwswrkr,PrvWSWrkr,CvEm16pl4,class_of_worker,economic,True,6985,503,4.4,0.76,0.033,True,3254637,8485,0.2,0.803,0.001,True,431,766.2199423142157,False,0.06170365068002863,0.11266186173922128,False,-0.03600000000000003,0.04201190307520001,False,-3247221,8504.663955736287,True,-7.90000000000002,2.6019223662515376,False
UFUxOEJ3UHY=,671,381,34.5,0.14,0.078,pu18bwpv,PU18BwPv,PU18PvU,income_in_past_12_months_is_below_the_poverty_level,economic,False,310,148,29,0.065,0.03,False,465069,6961,0.9,0.268,0.004,True,361,408.7358560244012,False,1.164516129032258,1.6057392160378985,False,0.07500000000000001,0.08357032966310471,False,-464398,6971.4189373469735,True,-12.799999999999999,7.810249675906654,False
UFUxOFB2VQ==,4784,542,6.9,1,0,pu18pvu,PU18PvU,PU18PvU,income_in_past_12_months_is_below_the_poverty_level,economic,True,4753,576,7.4,1,0,True,1737110,1722,0.1,1,0,True,31,790.910867291631,False,0.006522196507468967,0.1669789633300332,False,0,0,-1732326,1805.2833572600175,True,0,0
UHViQWRtaW4=,918,222,14.7,0.09,0.021,pubadmin,PubAdmin,CvEm16pl3,industry,economic,True,,0,,0,0,False,152150,2799,1.1,0.038,0.001,True,,,,,0.09,0.021,True,-151232,2807.7900562542063,True,5.2,2.1023796041628637,False
UHYxMDB0MTI0,373,188,30.7,0.017,0.008,pv100t124,Pv100t124,PopPvU2,ratio_of_income_to_poverty_level,economic,False,318,155,29.7,0.016,0.008,False,431223,5766,0.8,0.052,0.001,True,55,243.65754656894993,False,0.17295597484276728,0.8224230189013929,False,0.0010000000000000009,0.01131370849898476,False,-430850,5769.064048873092,True,-3.5,0.806225774829855,True
UHYxMjV0MTQ5,500,273,33.2,0.023,0.012,pv125t149,Pv125t149,PopPvU2,ratio_of_income_to_poverty_level,economic,False,412,239,35.3,0.021,0.012,False,396682,5552,0.9,0.048,0.001,True,88,362.8360511305347,False,0.21359223300970873,0.9667910445105149,False,0.0019999999999999983,0.01697056274847714,False,-396182,5558.707853449397,True,-2.5,1.2041594578792296,False
UHYxNTB0MTc0,760,267,21.4,0.034,0.012,pv150t174,Pv150t174,PopPvU2,ratio_of_income_to_poverty_level,economic,False,705,255,22,0.036,0.013,False,373133,5481,0.9,0.045,0.001,True,55,369.2072588668863,False,0.07801418439716312,0.5435706413695705,False,-0.001999999999999995,0.01769180601295413,False,-372373,5487.499430523889,True,-1.0999999999999996,1.2041594578792296,False
UHYxNzV0MTg0,335,161,29.3,0.015,0.007,pv175t184,Pv175t184,PopPvU2,ratio_of_income_to_poverty_level,economic,False,154,83,32.9,0.008,0.004,False,141732,3263,1.4,0.017,0,True,181,181.13530854032848,False,1.1753246753246753,1.5708382215307903,False,0.006999999999999999,0.00806225774829855,False,-141397,3266.969543782127,True,-0.20000000000000018,0.7000000000000001,False
UHYxODV0MTk5,142,86,36.8,0.006,0.004,pv185t199,Pv185t199,PopPvU2,ratio_of_income_to_poverty_level,economic,False,124,121,59.4,0.006,0.006,False,203211,4036,1.2,0.024,0,True,18,148.44864431849825,False,0.14516129032258066,1.3151869733420607,False,0,0.007211102550927979,-203069,4036.916149736083,True,-1.7999999999999998,0.4,True
UHYyMDB0Mjk5,1712,347,12.3,0.077,0.015,pv200t299,Pv200t299,PopPvU2,ratio_of_income_to_poverty_level,economic,True,2882,493,10.4,0.148,0.025,True,1181403,9023,0.5,0.142,0.001,True,-1170,602.8747797013904,False,-0.4059680777238029,0.1575519059314207,False,-0.071,0.029154759474226504,False,-1179691,9029.669872149258,True,-6.499999999999999,1.5033296378372907,True
UHYzMDB0Mzk5,2942,474,9.8,0.133,0.02,pv300t399,Pv300t399,PopPvU2,ratio_of_income_to_poverty_level,economic,True,2071,435,12.8,0.107,0.022,True,923748,7695,0.5,0.111,0.001,True,871,643.3513814394122,False,0.42056977305649446,0.3760521104307831,False,0.02600000000000001,0.02973213749463701,False,-920806,7709.585008286763,True,2.200000000000001,2.0024984394500787,False
UHY0MDB0NDk5,3199,552,10.5,0.144,0.024,pv400t499,Pv400t499,PopPvU2,ratio_of_income_to_poverty_level,economic,True,2536,453,10.9,0.131,0.023,True,727075,6935,0.6,0.088,0.001,True,663,714.0819280726827,False,0.2614353312302839,0.31329018936007524,False,0.012999999999999984,0.03324154027718933,False,-723876,6956.933879231568,True,5.6,2.4020824298928627,False
UHY1MDBwbA==,9814,815,5.1,0.442,0.03,pv500pl,Pv500pl,PopPvU2,ratio_of_income_to_poverty_level,economic,True,9284,743,4.9,0.478,0.034,True,2355855,10909,0.3,0.284,0.001,True,530,1102.848130977244,False,0.057087462300732444,0.12191494241298052,False,-0.035999999999999976,0.045343136195018535,False,-2346041,10939.401537561367,True,15.800000000000004,3.0016662039607267,True
UHY1MHQ3NA==,1317,402,18.6,0.059,0.018,pv50t74,Pv50t74,PopPvU2,ratio_of_income_to_poverty_level,economic,True,245,123,30.5,0.013,0.006,False,405929,5675,0.8,0.049,0.001,True,1072,420.396241657796,False,4.375510204081633,3.1583853009466334,False,0.046,0.018973665961010275,False,-404612,5689.220421112193,True,0.9999999999999991,1.8027756377319943,False
UHY3NXQ5OQ==,603,273,27.5,0.027,0.012,pv75t99,Pv75t99,PopPvU2,ratio_of_income_to_poverty_level,economic,False,340,126,22.6,0.018,0.006,False,481190,5800,0.7,0.058,0.001,True,263,300.6742423288034,False,0.7735294117647059,1.0376371997292668,False,0.009000000000000001,0.01341640786499874,False,-480587,5806.421359150574,True,-3.1000000000000005,1.2041594578792296,False
UHZISW5z,17473,1192,4.1,0.787,0.038,pvhins,PvHIns,CvNIPop2,health_insurance_coverage,economic,True,,0,,0,0,False,4818542,18699,0.2,0.575,0.002,True,,,,,0.787,0.038,True,-4801069,18736.9545284179,True,21.20000000000001,3.8052595180880893,True
UHZVNTA=,486,219,27.4,0.022,0.01,pvu50,PvU50,PopPvU2,ratio_of_income_to_poverty_level,economic,False,347,203,35.5,0.018,0.01,False,683635,7209,0.6,0.082,0.001,True,139,298.6134625230417,False,0.40057636887608067,1.0342455607865084,False,0.004,0.01414213562373095,False,-683149,7212.325699800308,True,-6.000000000000002,1.004987562112089,True
UmV0YWls,1092,295,16.5,0.107,0.028,retail,Retail,CvEm16pl3,industry,economic,True,,0,,0,0,False,378143,4826,0.8,0.093,0.001,True,,,,,0.107,0.028,True,-377051,4835.007859352454,True,1.3999999999999986,2.8017851452243803,False
U2FsZXNPZmY=,2564,380,9,0.25,0.033,salesoff,SalesOff,CvEm16pl2,occupation,economic,True,2832,321,6.9,0.308,0.03,True,842017,7138,0.5,0.208,0.002,True,-268,497.43441778791305,False,-0.09463276836158192,0.16892474500888524,False,-0.057999999999999996,0.04459820624195552,False,-839453,7148.107721628151,True,4.199999999999999,3.306055050963308,False
U2xmRW1OSW5j,247,112,27.6,0.024,0.011,slfemninc,SlfEmNInc,CvEm16pl4,class_of_worker,economic,False,324,135,25.3,0.035,0.015,False,261635,4106,1,0.065,0.001,True,-77,175.410946066658,False,-0.23765432098765432,0.46945895584930153,False,-0.011000000000000003,0.01860107523773827,False,-261388,4107.527236671718,True,-4.1,1.104536101718726,True
U3J2Yw==,1487,274,11.2,0.145,0.025,srvc,Srvc,CvEm16pl2,occupation,economic,True,1518,278,11.1,0.165,0.029,True,918538,8512,0.6,0.227,0.002,True,-31,390.3331910048132,False,-0.020421607378129116,0.25448641119818305,False,-0.020000000000000018,0.038288379438153296,False,-917051,8516.408867592021,True,-8.200000000000001,2.5079872407968904,True
VHJXSFV0,679,176,15.7,0.066,0.017,trwhut,TrWHUt,CvEm16pl3,industry,economic,True,,0,,0,0,False,259590,3894,0.9,0.064,0.001,True,,,,,0.066,0.017,True,-258911,3897.9753719078317,True,0.20000000000000018,1.7029386365926402,False
VTE4TkhJbnM=,98,109,67.4,0.02,0.022,u18nhins,U18NHIns,CvNIU18_2,health_insurance_coverage,economic,False,,0,,0,0,False,49352,2474,3,0.027,0.001,True,,,,,0.02,0.022,False,-49254,2476.40000807624,True,-0.7000000000000002,2.2022715545545237,False
VUVt,340,124,22.1,1,0,uem,UEm,UEm,health_insurance_coverage,economic,False,,0,,0,0,False,276948,4496,1,1,0,True,,,,,1,0,True,-276608,4497.7096393609045,True,0,0
VUVtSElucw==,334,124,22.6,0.982,0.078,uemhins,UEmHIns,UEm,health_insurance_coverage,economic,False,,0,,0,0,False,224574,4158,1.1,0.811,0.006,True,,,,,0.982,0.078,True,-224240,4159.848554935624,True,17.099999999999994,7.8230428862431785,False
VUVtTkhJbnM=,6,11,111.4,0.018,0.032,uemnhins,UEmNHIns,UEm,health_insurance_coverage,economic,False,,0,,0,0,False,52374,1870,2.2,0.189,0.006,True,,,,,0.018,0.032,False,-52368,1870.0323526613115,True,-17.099999999999998,3.2557641192199416,True
VUVtUGJISW5z,72,53,44.6,0.212,0.135,uempbhins,UEmPbHIns,UEm,health_insurance_coverage,economic,False,,0,,0,0,False,139298,3383,1.5,0.503,0.008,True,,,,,0.212,0.135,False,-139226,3383.4151385840905,True,-29.099999999999998,13.52368293032634,False
VUVtUHZISW5z,281,118,25.5,0.826,0.173,uempvhins,UEmPvHIns,UEm,health_insurance_coverage,economic,False,,0,,0,0,False,96183,2458,1.6,0.347,0.007,True,,,,,0.826,0.173,True,-95902,2460.8307540340925,True,47.9,17.314156057977527,False
VXBkRm1Xcmty,26,34,78.6,0.003,0.003,updfmwrkr,UpdFmWrkr,CvEm16pl4,class_of_worker,economic,False,70,91,79,0.008,0.01,False,5061,634,7.6,0.001,0.001,True,-44,97.14422267947796,False,-0.6285714285714286,0.684886405000933,False,-0.005,0.01044030650891055,False,-5035,634.9110173874761,True,0.19999999999999998,0.31622776601683794,False
V2hsc2FsZQ==,199,116,35.4,0.019,0.011,whlsale,Whlsale,CvEm16pl3,industry,economic,False,,0,,0,0,False,85255,2520,1.8,0.021,0.001,True,,,,,0.019,0.011,False,-85056,2522.6684284701387,True,-0.20000000000000018,1.104536101718726,False
V3JrRTE2cGw=,10921,693,3.9,0.206,0.021,wrke16pl,WrkE16pl,MdEWrk,economic__special_variable,economic,True,9839,0,,0,0,False,4379105,12835,0.2,0,0,True,1082,693,False,0.10997052545990446,0.0704339871938205,False,0.206,0.021,True,-4368184,12853.69495514811,True,20.599999999999998,2.1,True
V3JrcjE2cGw=,10126,715,4.3,1,0,wrkr16pl,Wrkr16pl,Wrkr16pl,commute_to_work,economic,True,9143,530,3.5,1,0,True,3953532,9967,0.2,1,0,True,983,890.0140448330015,False,0.10751394509460789,0.10117906304330132,False,0,0,-3943406,9992.612971590564,True,0,0
V3Jrck5vdEht,9913,722,4.4,0,0,wrkrnothm,WrkrNotHm,MnTrvTm,economic__special_variable,economic,True,9003,538,,0,0,False,3788938,10642,0.2,0,0,True,910,900.4043536100878,False,0.1010774186382317,0.1037337806266454,False,0,0,-3779025,10666.463706402417,True,0,0
